time,avg_wait_time,max_wait_time
0,19.67669172932331,39
1,20.95145631067961,39
2,19.47826086956522,43
3,19.528455284552845,40
4,19.711206896551722,39
5,19.859504132231404,40
6,19.158333333333335,39
7,21.34090909090909,41
8,18.72398190045249,39
9,19.94495412844037,39
10,20.67094017094017,39
11,17.721739130434784,39
12,20.876106194690266,39
