time,avg_wait_time,max_wait_time
0,19.67669172932331,39
1,20.60952380952381,39
2,19.138339920948617,39
3,19.1900826446281,39
4,19.626609442060087,39
5,19.691666666666666,39
6,19.00413223140496,39
7,21.046153846153846,39
8,18.72398190045249,39
9,19.94495412844037,39
10,20.67094017094017,39
11,17.721739130434784,39
12,20.876106194690266,39
